<?xml version="1.0" encoding="UTF-8"?>
<cdp>

 <clojure namespace="vinzi.cdp.ns.cdm">
  (use 'clojure.tools.logging
       'vinzi.cdm.cdm-main)
  (require '(clojure.data [json :as json]))
       
  
  (def ^:dynamic databaseCfg {:database_interface "sql"   ;; other option is "hibernate"
  				;;   if :db is specified by a string the database-connection will be 
  				;;    retrieved from the pentaho/hibernate system.
                   :db   "cdm_user"
                ;;  Alternative is that you fully specify the database connection.
;                   :db  {:classname     "org.postgresql.Driver",
;                         :subprotocol   "postgresql",
;                         :db-host		"localhost",
;                         :db-port		"5432",
;                         :db-name		"cdm",
;                         :user			"postgres",
;                         :password		"webdetails"
;                         }
                ;; default-types are based on the sql-specification
                ;; these are overrides for mysql (remove ; in front) 
                ;     :dbTypes  {:text " character varying(250) "
  				;				:longtext " LONGTEXT " }	
                         })
  
	     
 </clojure>

  <action
     accessId="setCDMdatabase"
     description="Set the CDM database. You can either pass a string 
       denoting the JNDI or a json-code hashmap with the full specifications. "
     >
        <clojure>
        (fn [params]
	  (let [lpf "(setCDMdatabase): "]
	    (try
	      (if-let [db (json/read-json (:dbCfg params))]
	        (do 
	  	  (info lpf " setting databaseCfg to: " db)
	  	  (def databaseCfg db))
	        (error lpf " dbCfg incorrect. Received params=" params))
	      (catch Exception e
	(println (.getMessage e))
		(error lpf "Caught exception: " (.getMessage e) " when parsing params = " params))
		)))
        </clojure>
   <params>
    <param id="dbCfg"  default="\&quot;cdm_user\&quot;"/>
   </params>
 </action>


  <action
     accessId="trackExists"
     description="Shows whether a track exists from list sources.
           (if you pass multiple sources returns true if one of them exists)."
     >
        <clojure>
	(trackExists params)
        </clojure>
   <params>
      <param id="source"  default=""/>
   </params>
 </action>


  <action
     accessId="initialize"
     description="Initialize the system."
     >
	<clojure>
	(fn []
		(debug "Going to enter (cdm-main/initialize)")
		(initialize true)  ;; initialize with forceInit=true
		(debug "Finished (cdm-main/initialize) without exception"))
	</clojure>
   <params>
   </params>
 </action>



  <action
     accessId="jqGetDocRoot"
     description="Get the docRoot (base of the pentaho solution folder in the file-system)."
     >
	<clojure>
	(get-doc-root)
	</clojure>
   <params>
   </params>
 </action>



  <action
     accessId="genFileView"
     description="Generate data to show the files in a viewer."
     >
	<clojure>
	(genFileView params)
	</clojure>
   <params>
     <param id="dir"/>
   </params>
 </action>


  <action
     accessId="process-jsonMgt-command"
     description="Process a jsonMgt-command."
     >
	<clojure>
	(fn [params]
	      (debug "Enter process-jsonMgt-command with params: "
                     (with-out-str (print params)))
	      (process-jsonMgt-command params))
	</clojure>
   <params>
      <param id="action"/>
      <param id="user"/>
      <param id="source"  default=""/>
      <param id="destinations" default=""/>
      <param id="msg" default=""/>
   </params>
 </action>



  <action
     accessId="recentActionData"
     description="Show the most recent actions for the selected source-files.
           Results are returned as a json-file using the format of
           a cda datasource."
     vectorOrder="id,track,action,datetime,d_user" >

    <clojure>
	(fn [params]
		(debug "get-recent-actions called with: " params)
		(let [res (get-recent-actions params)]
			(debug "get-recent-actions returns: " res
				" of type: " (type res))
		   res))
   </clojure>

   <params>
      <param id="source"  default=""/>
   </params>
 </action>

  <action
     accessId="recentErrorData"
     description="Show the most recent errors for the selected source-files.
           Results are returned as a json-file using the format of
           a cda datasource."
     vectorOrder="id,track,command,error,datetime,d_user" >

    <clojure>
	(fn [params]
		(debug "get-recent-actions called with: " params)
		(let [res (get-recent-errors params)]
			(debug "get-recent-errors returns: " res
				" of type: " (type res))
		   res))
   </clojure>

   <params>
      <param id="source"  default=""/>
   </params>
 </action>


<!--
  <action
     accessId="showTable"
     description="generate data to show a table  (OUTDATED CODE)."
     vectorOrder="id,track,action,datetime,d_user"
     >
	<clojure>
	(show-table params)
	</clojure>
   <params>
      <param id="source"  default=""/>
     <param id="tblSel"   default="actions"/>
   </params>
 </action>
-->

  <action
     accessId="differenceData"
     description="generate json-data that shows difference between current version and last commit of source."
     vectorOrder="path,key,action,value"
     >
	<clojure>
	(get-differences params)
	</clojure>
   <params>
      <param id="source"  default=""/>
   </params>
 </action>





  <action
     accessId="test-cdp"
     description="Test whether cdp is available (returns [&quot;Hello World!&quot;])."
     >
	<sql>
        SELECT "Hello World!" as result;	
	</sql>
   <params>
   </params>
 </action>


</cdp>
