<?xml version="1.0" encoding="UTF-8"?>
<cdp>

 <clojure namespace="vinzi.cdp.ns.cdm-sa">
  (use 'clojure.tools.logging
       'vinzi.cdm.cdm-main)
  ;; NOTE: database configuration is extracted from file:
  ;;  "${pentaho_solutions}/system/cdm/cdm.cdp.xml"
  ;; NOTE: this file contains duplicated code 
  ;;   (should be better to rewire it to cdm.cdp.xml (the original))
  (require '(vinzi.pentaho [connect :as pConn])
           '(vinzi.tools [vFile :as vFile])
           '(vinzi.cdp [core :as cdp]))       
  
 </clojure>


  <action
     accessId="initialize"
     description="Initialize the system."
     >
	<clojure>
	(fn []
		(debug "Going to enter (cdm-main/initialize)")
		(let [cdmCdp (-> (pConn/get-solution-folder)
				(vFile/filename "system")
				(vFile/filename "cdm")
				(vFile/filename "cdm.cdp.xml"))]
		  (cdp/exec-query cdmCdp {:accessId :initialize}))
		(debug "Finished (cdm-main/initialize) without exception"))
	</clojure>
   <params>
   </params>
 </action>



  <action
     accessId="jqGetDocRoot"
     description="Get the docRoot (base of the pentaho solution folder in the file-system)."
     >
	<clojure>
	(get-doc-root)
	</clojure>
   <params>
   </params>
 </action>



  <action
     accessId="genFileView"
     description="Generate data to show the files in a viewer."
     >
	<clojure>
	(genFileView params)
	</clojure>
   <params>
     <param id="dir"/>
   </params>
 </action>


  <action
     accessId="process-jsonMgt-command"
     description="Process a jsonMgt-command."
     >
	<clojure>
	(fn [params]
	      (debug "Enter process-jsonMgt-command with params: "
                     (with-out-str (print params)))
	      (process-jsonMgt-command params))
	</clojure>
   <params>
      <param id="action"/>
      <param id="user"/>
      <param id="source"  default=""/>
      <param id="destinations" default=""/>
      <param id="msg" default=""/>
   </params>
 </action>



  <action
     accessId="recentActionData"
     description="Show the most recent actions for the selected source-files.
           Results are returned as a json-file using the format of
           a cda datasource."
     vectorOrder="id,track,action,datetime,d_user" >

    <clojure>
	(fn [params]
		(debug "get-recent-actions called with: " params)
		(let [res (get-recent-actions params)]
			(debug "get-recent-actions returns: " res
				" of type: " (type res))
		   res))
   </clojure>

   <params>
      <param id="source"  default=""/>
   </params>
 </action>

  <action
     accessId="recentErrorData"
     description="Show the most recent errors for the selected source-files.
           Results are returned as a json-file using the format of
           a cda datasource."
     vectorOrder="id,track,command,error,datetime,d_user" >

    <clojure>
	(fn [params]
		(debug "get-recent-actions called with: " params)
		(let [res (get-recent-errors params)]
			(debug "get-recent-errors returns: " res
				" of type: " (type res))
		   res))
   </clojure>

   <params>
      <param id="source"  default=""/>
   </params>
 </action>


<!--
  <action
     accessId="showTable"
     description="generate data to show a table  (OUTDATED CODE)."
     vectorOrder="id,track,action,datetime,d_user"
     >
	<clojure>
	(show-table params)
	</clojure>
   <params>
      <param id="source"  default=""/>
     <param id="tblSel"   default="actions"/>
   </params>
 </action>
-->

  <action
     accessId="differenceData"
     description="generate json-data that shows difference between current version and last commit of source."
     vectorOrder="path,key,action,value"
     >
	<clojure>
	(get-differences params)
	</clojure>
   <params>
      <param id="source"  default=""/>
   </params>
 </action>



  <action
     accessId="test-cdp"
     description="Test whether cdp is available (returns [&quot;Hello World!&quot;])."
     >
	<sql>
        SELECT "Hello World!" as result;	
	</sql>
   <params>
   </params>
 </action>


</cdp>
